city,year,metric,value,unit,source_type,source_name,source_url,source_file,extraction_method,is_official_source,notes
Chengdu,2021,gdp_per_capita,94622.0,yuan/person,communique,2021 Chengdu statistical communique,http://sc.people.com.cn/BIG5/n2/2022/0325/c379471-35191138.html,,manual_web,False,People's Daily report quoting Chengdu Statistics Bureau communique
Chengdu,2021,gdp_total,19917.0,100 million yuan,communique,2021 Chengdu statistical communique,http://sc.people.com.cn/BIG5/n2/2022/0325/c379471-35191138.html,,manual_web,False,People's Daily report quoting Chengdu Statistics Bureau communique
Guangzhou,2021,gdp_per_capita,150366.0,yuan/person,communique,2021 Guangzhou statistical communique,https://www.gz.gov.cn/zwgk/sjfb/tjgb/content/post_8156569.html,,manual_web,True,Official page links original DOC; value from official communique excerpt/search result
Guangzhou,2021,gdp_total,28231.97,100 million yuan,communique,2021 Guangzhou statistical communique,https://www.gz.gov.cn/zwgk/sjfb/tjgb/content/post_8156569.html,,manual_web,True,Official page links original DOC; value from official communique excerpt/search result
Harbin,2022,gdp_per_capita,55175.0,yuan/person,communique,2022 Harbin statistical communique,https://www.harbin.gov.cn/haerbin/c104569/202305/730626/files/f0f97fadd18044b2959c96988319862e.pdf,,manual_web,True,Official PDF plus CEIC/encyclopedic excerpt; uses hukou population communique denominator
Harbin,2022,gdp_total,5490.1,100 million yuan,communique,2022 Harbin statistical communique,https://www.harbin.gov.cn/haerbin/c104569/202305/730626/files/f0f97fadd18044b2959c96988319862e.pdf,,manual_web,True,Official PDF
Harbin,2022,population,9824100.0,person,yearbook,Heilongjiang Statistical Yearbook 2023 usual residence population,https://www.hongheiku.com/lishishuju/20339.html,,manual_web,False,Hongheiku cites Heilongjiang Statistical Yearbook 2023: Harbin 2022 usual residence = 982.41万 (registered was 939.5万)
Harbin,2025,gdp_total,6188.5,100 million yuan,monthly_indicator,2025 Harbin annual economic indicators,https://www.harbin.gov.cn/haerbin/c104571/202601/c01_1105283.shtml,,manual_web,True,Official 2025 1-12 main economic indicators; communique URL not yet directly resolved
Hefei,2022,gdp_per_capita,125798.0,yuan/person,communique,2022 Hefei statistical communique,https://api.app.anhuinews.com/content/6770230.html,,manual_web,False,Anhui News report quoting Hefei Statistics Bureau communique
Hefei,2022,gdp_total,12013.1,100 million yuan,communique,2022 Hefei statistical communique,https://api.app.anhuinews.com/content/6770230.html,,manual_web,False,Anhui News report quoting Hefei Statistics Bureau communique
Hefei,2022,population,9634000.0,person,communique,2022 Hefei statistical communique,https://api.app.anhuinews.com/content/6770230.html,,manual_web,False,Anhui News report quoting Hefei Statistics Bureau communique
Hefei,2023,gdp_per_capita,130074.0,yuan/person,communique,2023 Hefei statistical communique,https://finance.sina.com.cn/wm/2024-03-30/doc-inaqawtn1265579.shtml,,manual_web,False,Sina report quoting Hefei Statistics Bureau communique
Hefei,2023,gdp_total,12673.78,100 million yuan,communique,2023 Hefei statistical communique,https://finance.sina.com.cn/wm/2024-03-30/doc-inaqawtn1265579.shtml,,manual_web,False,Sina report quoting Hefei Statistics Bureau communique
Hefei,2023,population,9853000.0,person,communique,2023 Hefei statistical communique,https://finance.sina.com.cn/wm/2024-03-30/doc-inaqawtn1265579.shtml,,manual_web,False,Sina report quoting Hefei Statistics Bureau communique
Kunming,2021,gdp_total,7222.5,100 million yuan,communique,2021 Kunming statistical communique,https://www.km.gov.cn/c/2022-06-13/4413027.shtml,,manual_web,True,Official Kunming government page
Kunming,2023,gdp_per_capita,90821.0,yuan/person,communique,2023 Kunming statistical communique,http://www.tjcn.org/tjgb/25yn/37993.html,,manual_web,False,Third-party excerpt of Kunming Statistics Bureau communique
Kunming,2023,gdp_total,7864.76,100 million yuan,communique,2023 Kunming statistical communique,http://www.tjcn.org/tjgb/25yn/37993.html,,manual_web,False,Third-party excerpt of Kunming Statistics Bureau communique
Kunming,2025,gdp_per_capita,98855.0,yuan/person,communique,2025 Kunming statistical communique,https://tjgb.hongheiku.com/xjtjgb/xj2020/72206.html,,manual_web,False,Third-party mirror quoting Kunming Statistics Bureau communique
Kunming,2025,gdp_total,8637.45,100 million yuan,communique,2025 Kunming statistical communique,https://tjgb.hongheiku.com/xjtjgb/xj2020/72206.html,,manual_web,False,Third-party mirror quoting Kunming Statistics Bureau communique
Kunming,2025,population,8744000.0,person,communique,2025 Kunming statistical communique,https://tjgb.hongheiku.com/xjtjgb/xj2020/72206.html,,manual_web,False,Third-party mirror quoting Kunming Statistics Bureau communique
Nanchang,2025,gdp_per_capita,117843.0,yuan/person,communique,2025 Nanchang statistical communique,https://www.chinamoney.com.cn/dqs/cm-s-notice-query/fileDownLoad.do?contentId=3359222&priority=0&mode=save,,manual_web,False,Bond rating report cites 2024-2025 Nanchang statistical communiques
Nanchang,2025,gdp_total,8141.69,100 million yuan,communique,2025 Nanchang statistical communique,https://www.chinamoney.com.cn/dqs/cm-s-notice-query/fileDownLoad.do?contentId=3359222&priority=0&mode=save,,manual_web,False,Bond rating report cites 2024-2025 Nanchang statistical communiques
Qingdao,2025,gdp_total,17560.67,100 million yuan,monthly_indicator,2025 Qingdao economic operation release,http://www.qingdao.gov.cn/ywdt/zwyw/202601/t20260128_10492421.shtml,,manual_web,True,Official Qingdao government 2025 economic operation release
Qingdao,2025,population,10515500.0,person,communique,2025 Qingdao statistical communique,https://epaper.qingdaonews.com/qdrb/h5/html5/2026-04/08/content_144596_3316066.htm?curr=,,manual_web,False,Qingdao Daily communique page excerpt
Suzhou,2023,gdp_per_capita,190600.0,yuan/person,communique,2023 Suzhou statistical communique,https://www.suzhou.gov.cn/szsrmzf/ndgmjjhshfztjsjfb/202403/24da355e7a19462a8116aa36896738c1.shtml,,manual_web,True,Official Suzhou government page; 19.06万元 converted to yuan
Suzhou,2023,gdp_total,24653.4,100 million yuan,communique,2023 Suzhou statistical communique,https://www.suzhou.gov.cn/szsrmzf/ndgmjjhshfztjsjfb/202403/24da355e7a19462a8116aa36896738c1.shtml,,manual_web,True,Official Suzhou government page
Wuhan,2025,population,13861900.0,person,communique,2025 Wuhan statistical communique,https://tjj.wuhan.gov.cn/tjfw/tjgb/202604/t20260408_2750693.shtml,,manual_web,True,Official Wuhan Statistics Bureau page
Xi'an,2025,gdp_per_capita,105308.0,yuan/person,communique,2025 Xi'an statistical communique,https://sn.ifeng.com/c/8t9fi50G7Cv,,manual_web,False,Phoenix/Sohu/Tencent reports quote Xi'an Statistics Bureau communique
Xi'an,2025,gdp_total,13902.67,100 million yuan,communique,2025 Xi'an statistical communique,https://sn.ifeng.com/c/8t9fi50G7Cv,,manual_web,False,Phoenix/Sohu/Tencent reports quote Xi'an Statistics Bureau communique
Xi'an,2025,population,13236300.0,person,communique,2025 Xi'an statistical communique,https://sn.ifeng.com/c/8t9fi50G7Cv,,manual_web,False,Phoenix/Sohu/Tencent reports quote Xi'an Statistics Bureau communique
Xiamen,2023,population,5320000.0,person,communique,2023 Xiamen statistical communique,https://tjgb.hongheiku.com/djs/45732.html,,manual_web,False,Third-party mirror of Xiamen Statistics Bureau communique; value from 2023 year-end population
Xiamen,2025,gdp_total,8980.37,100 million yuan,communique,2025 Xiamen statistical communique,https://tjgb.hongheiku.com/djs/68649.html,,manual_web,False,Third-party mirror quoting Xiamen Statistics Bureau communique
Xiamen,2025,population,5365000.0,person,communique,2025 Xiamen statistical communique,https://tjgb.hongheiku.com/djs/68649.html,,manual_web,False,Third-party mirror quoting Xiamen Statistics Bureau communique
Zhengzhou,2022,gdp_total,12735.8,100 million yuan,communique,2023 Zhengzhou statistical communique note revising 2022 GDP,https://tjgb.hongheiku.com/djs/47058.html,,manual_web,False,2023 Zhengzhou communique note reports final-verified 2022 GDP
Qingdao,2021,gdp_total,14136.46,100 million yuan,communique,2021 Qingdao statistical communique,http://www.qingdao.gov.cn/zwgk/xxgk/tjj/gkml/tjjd/202203/P020220317602429256100.pdf,,manual_web,True,Official Qingdao government PDF
Qingdao,2021,population,10256700.0,person,communique,2021 Qingdao statistical communique,http://www.qingdao.gov.cn/zwgk/xxgk/tjj/gkml/tjjd/202203/P020220317602429256100.pdf,,manual_web,True,Official Qingdao government PDF
Qingdao,2022,gdp_total,14920.75,100 million yuan,communique,2022 Qingdao statistical communique,http://www.qingdao.gov.cn/zwgk/xxgk/fgw/ywfl/jjfz/202304/t20230420_7153787.shtml,,manual_web,True,Official Qingdao government page
Qingdao,2022,population,10342100.0,person,communique,2022 Qingdao statistical communique,http://www.qingdao.gov.cn/zwgk/xxgk/fgw/ywfl/jjfz/202304/t20230420_7153787.shtml,,manual_web,True,Official Qingdao government page
Zhengzhou,2021,gdp_total,12691.0,100 million yuan,communique,2021 Zhengzhou statistical communique,https://people.stitye.com/p4/sentu/city_pdf_2022/a294-2021.pdf,,manual_web,False,PDF mirror of Zhengzhou Statistics Bureau communique
Zhengzhou,2021,population,12742000.0,person,communique,2021 Zhengzhou statistical communique,https://people.stitye.com/p4/sentu/city_pdf_2022/a294-2021.pdf,,manual_web,False,PDF mirror of Zhengzhou Statistics Bureau communique
Zhengzhou,2022,population,12828000.0,person,communique,2022 Zhengzhou statistical communique,https://tjgb.hongheiku.com/djs/36348.html,,manual_web,False,Third-party mirror quoting Zhengzhou Statistics Bureau communique
Harbin,2025,population,9887000.0,person,statistical_database,Harbin usual residence population,https://www.ceicdata.com/zh-hans/china/population-prefecture-level-city/population-heilongjiang-harbin-usual-residence,,manual_web,False,CEIC page cites Harbin Statistics Bureau usual residence population
Kunming,2022,gdp_total,7541.37,100 million yuan,communique,2022 Kunming statistical communique,http://www.tjcn.org/tjgb/25yn/37657.html,,manual_web,False,Third-party excerpt of Kunming Statistics Bureau communique
Xi'an,2021,gdp_per_capita,83689.0,yuan/person,communique,2021 Xi'an statistical communique,https://www.shaanxi.gov.cn/zfxxgk/fdzdgknr/tjxx/tjgb_240/sqgb/202204/t20220408_2216664_wap.html,,manual_web,True,Official Shaanxi government page
Xi'an,2021,gdp_total,10688.28,100 million yuan,communique,2021 Xi'an statistical communique,https://www.shaanxi.gov.cn/zfxxgk/fdzdgknr/tjxx/tjgb_240/sqgb/202204/t20220408_2216664_wap.html,,manual_web,True,Official Shaanxi government page
Xi'an,2021,population,13163000.0,person,communique,2021 Xi'an statistical communique,https://www.shaanxi.gov.cn/zfxxgk/fdzdgknr/tjxx/tjgb_240/sqgb/202204/t20220408_2216664_wap.html,,manual_web,True,Official Shaanxi government page
Hefei,2025,gdp_total,14210.0,100 million yuan,monthly_indicator,2025 Hefei economic operation release,http://ah.anhuinews.com/szxw/202601/t20260128_9063536.html,,manual_web,False,Anhui News report sourced from Hefei Statistics Bureau economic operation release
Beijing,2020,population,21893000.0,person,census,Beijing seventh census main data,https://tjj.beijing.gov.cn/tjsj_31433/sjjd_31444/202105/t20210519_2392526.html,,manual_web,True,Official seventh census release
Changsha,2020,population,10047900.0,person,census,Changsha seventh census / 2020 population summary,https://www.sohu.com/a/1024284450_121123903,,manual_web,False,Report cites 2020 Changsha population statistics
Chengdu,2020,population,20937800.0,person,census,Chengdu seventh census main data,http://sc.sina.cn/news/b/2022-03-15/detail-imcwiwss6027013.d.html,,manual_web,False,Report cites Chengdu seventh census population
Chongqing,2020,population,32054159.0,person,census,Chongqing seventh census main data,https://zh.wikipedia.org/wiki/%E4%B8%AD%E5%9C%8B%E5%9C%B0%E7%B4%9A%E5%B8%82%E4%BA%BA%E5%9D%87%E5%9C%B0%E5%8D%80%E7%94%9F%E7%94%A2%E7%B8%BD%E5%80%BC%E5%88%97%E8%A1%A8,,manual_web,False,Public census-derived city population table
Guangzhou,2020,population,18676600.0,person,census,Guangzhou 2020 population scale release,http://tjj.gz.gov.cn/stats_newtjyw/tjsj/tjgb/qtgb/content/post_8540228.html,,manual_web,True,Official Guangzhou Statistics Bureau population release
Hangzhou,2020,population,11936010.0,person,census,Hangzhou seventh census main data,https://zh.wikipedia.org/wiki/%E4%B8%AD%E5%9C%8B%E5%9C%B0%E7%B4%9A%E5%B8%82%E4%BA%BA%E5%9D%87%E5%9C%B0%E5%8D%80%E7%94%9F%E7%94%A2%E7%B8%BD%E5%80%BC%E5%88%97%E8%A1%A8,,manual_web,False,Public census-derived city population table
Harbin,2020,population,10009900.0,person,census,Harbin seventh census population reference,https://stcn.com/article/detail/1084210.html,,manual_web,False,Article cites 2020 census Harbin usual resident population
Kunming,2020,population,8460088.0,person,census,Kunming seventh census main data,https://tjgb.hongheiku.com/12323.html,,manual_web,False,Mirror of Kunming Statistics Bureau seventh census communique
Nanchang,2020,population,6255007.0,person,census,Nanchang seventh census population table,https://zh.wikipedia.org/wiki/%E4%B8%AD%E5%9C%8B%E5%9C%B0%E7%B4%9A%E5%B8%82%E4%BA%BA%E5%9D%87%E5%9C%B0%E5%8D%80%E7%94%9F%E7%94%A2%E7%B8%BD%E5%80%BC%E5%88%97%E8%A1%A8,,manual_web,False,Public census-derived city population table
Nanjing,2020,population,9314685.0,person,census,Nanjing seventh census communique,http://www.zgjssw.gov.cn/shixianchuanzhen/nanjing/202105/t20210524_7096748.shtml,,manual_web,False,Jiangsu news reproduces Nanjing seventh census communique
Qingdao,2020,population,10071722.0,person,census,Qingdao seventh census population table,https://zh.wikipedia.org/wiki/%E4%B8%AD%E5%9C%8B%E5%9C%B0%E7%B4%9A%E5%B8%82%E4%BA%BA%E5%9D%87%E5%9C%B0%E5%8D%80%E7%94%9F%E7%94%A2%E7%B8%BD%E5%80%BC%E5%88%97%E8%A1%A8,,manual_web,False,Public census-derived city population table
Shanghai,2020,population,24870895.0,person,census,Shanghai seventh census main data,https://www.shanghai.gov.cn/nw12344/20210518/001a0cef127c499eb381fa8dc3208e95.html,,manual_web,True,Official Shanghai government census release
Shenyang,2020,population,9070093.0,person,census,Shenyang seventh census population reference,https://zh.wikipedia.org/wiki/%E4%B8%AD%E5%9C%8B%E5%9C%B0%E7%B4%9A%E5%B8%82%E4%BA%BA%E5%9D%87%E5%9C%B0%E5%8D%80%E7%94%9F%E7%94%A2%E7%B8%BD%E5%80%BC%E5%88%97%E8%A1%A8,,manual_web,False,Public census-derived city population table
Shenzhen,2020,population,17560061.0,person,census,Shenzhen seventh census communique,https://tjj.sz.gov.cn/zwgk/zfxxgkml/tjsj/tjgb/content/post_8771927.html,,manual_web,True,Official Shenzhen Statistics Bureau census communique
Suzhou,2020,population,12748262.0,person,census,Suzhou seventh census population reference,https://www.hongheiku.com/shijirenkou/557.html,,manual_web,False,Population database cites Suzhou seventh census communique
Wuhan,2020,population,12447700.0,person,yearbook,Hubei Statistical Yearbook 2021 year-end resident population,https://www.thepaper.cn/newsDetail_forward_14888943,,manual_web,False,Hubei Statistical Yearbook 2020 year-end resident population; consistent with 2021 communique (1364.89 - 120.12 = 1244.77万)
Xi'an,2020,population,12952907.0,person,census,Xi'an seventh census population table,https://zh.wikipedia.org/wiki/%E4%B8%AD%E5%9C%8B%E5%9C%B0%E7%B4%9A%E5%B8%82%E4%BA%BA%E5%9D%87%E5%9C%B0%E5%8D%80%E7%94%9F%E7%94%A2%E7%B8%BD%E5%80%BC%E5%88%97%E8%A1%A8,,manual_web,False,Public census-derived city population table
Xiamen,2020,population,5163970.0,person,census,Xiamen seventh census population reference,https://zh.wikipedia.org/wiki/%E5%8E%A6%E9%97%A8%E5%B8%82,,manual_web,False,Public census-derived city population table
Zhengzhou,2020,population,12600574.0,person,census,Zhengzhou seventh census population reference,https://zh.wikipedia.org/wiki/%E9%83%91%E5%B7%9E%E5%B8%82,,manual_web,False,Public census-derived city population table
Beijing,2023,population,21858000.0,person,communique,2023 Beijing statistical communique,https://tjj.beijing.gov.cn/tjsj_31433/tjgb_31445/ndgb_31446/202403/t20240321_3595860.html,,manual_web,True,Official Beijing Statistics Bureau communique
Chengdu,2021,population,21192000.0,person,communique,2021 Chengdu population release,http://sc.people.com.cn/BIG5/n2/2022/0315/c379471-35173721.html,,manual_web,False,People Daily report quotes Chengdu Statistics Bureau population data
Guangzhou,2021,population,18810600.0,person,communique,2021 Guangzhou statistical communique,https://www.gz.gov.cn/zwgk/sjfb/tjgb/content/post_8156569.html,,manual_web,True,Official page links original DOC; value from official communique excerpt and corroborating materials
Hefei,2025,population,10002000.0,person,population_release,2024 Hefei population carried forward pending 2025 release,https://m.bjnews.com.cn/detail/1741695522129585.html,,manual_web,False,2025 official resident population not located; using latest source-backed 2024 value only to derive provisional per-capita GDP
Kunming,2023,population,8680000.0,person,communique,2023 Kunming statistical communique,https://nyncj.km.gov.cn/c/2024-06-20/4880355.shtml,,manual_web,True,Official Kunming municipal bureau page reproducing statistical communique
Nanchang,2025,population,6910000.0,person,communique,2025 Nanchang population fallback,https://www.chinamoney.com.cn/dqs/cm-s-notice-query/fileDownLoad.do?contentId=3359222&priority=0&mode=save,,manual_web,False,Derived from cited GDP and per-capita GDP in bond rating report
Suzhou,2023,population,12958000.0,person,communique,2023 Suzhou statistical communique,https://www.suzhou.gov.cn/szsrmzf/ndgmjjhshfztjsjfb/202403/24da355e7a19462a8116aa36896738c1.shtml,,manual_web,True,Official Suzhou government page
Changsha,2021,disposable_income,62145.0,yuan/person,communique,2021 Changsha statistical communique,https://tjgb.hongheiku.com/djs/25200.html,,manual_web,False,Hongheiku mirror of Changsha communique; all-resident disposable income
Changsha,2022,disposable_income,65190.0,yuan/person,communique,2022 Changsha statistical communique,http://tjj.hunan.gov.cn/hntj/tjfx/tjgb/szgb/zss_1/202304/t20230406_29306832.html,,manual_web,True,Official Hunan statistics page reproducing Changsha communique
Changsha,2023,disposable_income,67276.0,yuan/person,communique,2023 Changsha statistical communique,http://tjj.hunan.gov.cn/hntj/tjfx/tjgb/szgb/zss_1/202405/t20240506_33292952.html,,manual_web,True,Official Hunan statistics page reproducing Changsha communique
Changsha,2024,disposable_income,63660.0,yuan/person,nbs_survey,Changsha all-resident disposable income 2024,http://hnzd.stats.gov.cn/dcsj/sjfb/cs/zxfb/202408/t20240805_228553.html,,manual_web,True,Official NBS Hunan survey office quarterly data
Changsha,2025,disposable_income,72117.0,yuan/person,communique,2025 Changsha statistical communique,https://tjgb.hongheiku.com/djs/69005.html,,manual_web,False,Hongheiku mirror of Changsha communique; urban resident value; all-resident not available
Chengdu,2021,disposable_income,45755.0,yuan/person,communique,2021 Chengdu statistical communique,http://sc.people.com.cn/BIG5/n2/2022/0325/c379471-35191138.html,,manual_web,False,People Daily report quoting Chengdu Statistics Bureau communique
Chengdu,2023,disposable_income,50888.0,yuan/person,communique,2023 Chengdu statistical communique,https://tjgb.hongheiku.com/djs/46512.html,,manual_web,False,Hongheiku mirror of Chengdu communique
Chengdu,2024,disposable_income,52071.0,yuan/person,communique,2024 Chengdu statistical communique,https://www.tjnj.net/newsview.aspx?newsid=20250717155655,,manual_web,False,Tjnj.net mirror of Chengdu communique
Guangzhou,2021,disposable_income,74416.0,yuan/person,communique,2021 Guangzhou statistical communique,https://www.gz.gov.cn/zwgk/sjfb/tjgb/content/post_8156569.html,,manual_web,True,Official Guangzhou government page
Guangzhou,2022,disposable_income,76849.0,yuan/person,communique,2022 Guangzhou statistical communique,http://tjj.gz.gov.cn/stats_newtjyw/tjsj/tjgb/qstjgb/content/post_8972753.html,,manual_web,True,Official Guangzhou Statistics Bureau page
Guangzhou,2023,disposable_income,80501.0,yuan/person,communique,2023 Guangzhou statistical communique,http://tjj.gz.gov.cn/stats_newtjyw/tjsj/tjgb/qstjgb/content/post_9567759.html,,manual_web,True,Official Guangzhou Statistics Bureau page
Guangzhou,2024,disposable_income,83436.0,yuan/person,communique,2024 Guangzhou statistical communique,https://www.gz.gov.cn/zwgk/sjfb/tjgb/content/post_10203564.html,,manual_web,True,Official Guangzhou government page
Harbin,2021,disposable_income,42745.0,yuan/person,communique,2021 Harbin statistical communique,https://tjgb.hongheiku.com/djs/29127.html,,manual_web,False,Hongheiku mirror of Harbin communique; combined income from urban/rural+urbanization rate
Harbin,2022,disposable_income,41374.0,yuan/person,communique,2022 Harbin statistical communique,https://www.harbin.gov.cn/haerbin/c104569/202305/730626/files/f0f97fadd18044b2959c96988319862e.pdf,,manual_web,True,Official Harbin government PDF; urban resident value from communique
Harbin,2023,disposable_income,45784.0,yuan/person,communique,2023 Harbin statistical communique,https://tjgb.hongheiku.com/djs/48448.html,,manual_web,False,Urban disposable income corrected from extraction error (56961 was all-resident total divided by urban population; correct urban value is 45784)
Harbin,2024,disposable_income,48216.0,yuan/person,communique,2024 Harbin statistical communique,https://www.harbin.gov.cn/haerbin/c104569/202506/1063449/files/2024%E5%B9%B4%E5%93%88%E5%B0%94%E6%BB%A8%E5%B8%82%E5%9B%BD%E6%B0%91%E7%BB%8F%E6%B5%8E%E5%92%8C%E7%A4%BE%E4%BC%9A%E5%8F%91%E5%B1%95%E7%BB%9F%E8%AE%A1%E5%85%AC%E6%8A%A5.pdf,,manual_web,True,Official Harbin government PDF
Harbin,2025,disposable_income,50065.0,yuan/person,communique,2025 Harbin statistical communique,https://www.harbin.gov.cn/haerbin/c104569/202606/c01_1131268.shtml,,manual_web,True,Official Harbin Statistics Bureau page
Hefei,2022,disposable_income,48844.0,yuan/person,communique,2022 Hefei statistical communique,https://api.app.anhuinews.com/content/6770230.html,,manual_web,False,Anhui News report quoting Hefei Statistics Bureau communique
Hefei,2023,disposable_income,52594.0,yuan/person,communique,2023 Hefei statistical communique,https://finance.sina.com.cn/wm/2024-03-30/doc-inaqawtn1265579.shtml,,manual_web,False,Sina report quoting Hefei Statistics Bureau communique
Hefei,2025,disposable_income,58930.0,yuan/person,communique,2025 Hefei economic operation release,http://ah.anhuinews.com/szxw/202601/t20260128_9063536.html,,manual_web,False,Anhui News report sourced from Hefei Statistics Bureau
Kunming,2023,disposable_income,45511.0,yuan/person,communique,2023 Kunming statistical communique,http://www.tjcn.org/tjgb/25yn/37993.html,,manual_web,False,Third-party excerpt of Kunming Statistics Bureau communique
Kunming,2024,disposable_income,47301.0,yuan/person,communique,2024 Kunming statistical communique,https://www.km.gov.cn/c/2025-07-18/5003243.shtml,,manual_web,True,All-resident disposable income corrected from urban value (57444 was urban-only; 47301 is all-resident)
Kunming,2025,disposable_income,50300.0,yuan/person,communique,2025 Kunming statistical communique,https://tjgb.hongheiku.com/xjtjgb/xj2020/72206.html,,manual_web,False,Third-party mirror quoting Kunming Statistics Bureau communique
Nanchang,2021,disposable_income,50447.0,yuan/person,communique,2021 Nanchang statistical communique,https://tjgb.hongheiku.com/djs/26554.html,,manual_web,False,Hongheiku mirror of Nanchang communique
Nanchang,2023,disposable_income,46709.0,yuan/person,communique,2023 Nanchang statistical communique,https://www.nc.gov.cn/ncszf/sjfb/202502/4e66745eb31e4ca4bd6bbddc560c9567.shtml,,manual_web,True,Official Nanchang government page
Nanchang,2025,disposable_income,53434.0,yuan/person,communique,2025 Nanchang statistical communique,http://www.nc.gov.cn/ncszf/tjgb2/202604/b6221a4fa0104604bdc4aacaae0f32ba.shtml,,manual_web,True,Official Nanchang government page
Qingdao,2021,disposable_income,51223.0,yuan/person,communique,2021 Qingdao statistical communique,https://people.stitye.com/p4/sentu/city_pdf_2022/a178-2021.pdf,,manual_web,False,PDF mirror of Qingdao Statistics Bureau communique
Qingdao,2025,disposable_income,62931.0,yuan/person,communique,2025 Qingdao statistical communique,https://epaper.qingdaonews.com/qdrb/h5/html5/2026-04/08/content_144596_3316066.htm?curr=,,manual_web,False,Qingdao Daily communique page
Shenyang,2021,disposable_income,50566.0,yuan/person,communique,2021 Shenyang statistical communique,https://tjgb.hongheiku.com/djs/27930.html,,manual_web,False,Hongheiku mirror of Shenyang communique
Wuhan,2021,disposable_income,55297.0,yuan/person,communique,2021 Wuhan statistical communique,https://tjj.wuhan.gov.cn/tjfw/tjgb/202204/t20220402_1949877.shtml,,manual_web,True,Official Wuhan Statistics Bureau page
Wuhan,2022,disposable_income,58449.0,yuan/person,communique,2022 Wuhan statistical communique,https://tjj.wuhan.gov.cn/tjfw/tjgb/202303/t20230330_2177979.shtml,,manual_web,True,Official Wuhan Statistics Bureau page
Xi'an,2021,disposable_income,38701.0,yuan/person,communique,2021 Xi'an statistical communique,https://www.shaanxi.gov.cn/zfxxgk/fdzdgknr/tjxx/tjgb_240/sqgb/202204/t20220408_2216664_wap.html,,manual_web,True,Official Shaanxi government page
Xi'an,2025,disposable_income,46874.0,yuan/person,communique,2025 Xi'an statistical communique,https://sn.ifeng.com/c/8t9fi50G7Cv,,manual_web,False,Phoenix report quoting Xi'an Statistics Bureau communique
Beijing,2021,rd_expenditure,424.5,100 million yuan,communique,2021 Beijing communique,https://tjj.beijing.gov.cn/tjsj_31433/tjgb_31445/ndgb_31446/202203/t20220301_2618672.html,,manual_web,True,科学技术支出 from Beijing municipal fiscal budget
Beijing,2022,rd_expenditure,448.5,100 million yuan,communique,2022 Beijing communique,https://tjj.beijing.gov.cn/tjsj_31433/tjgb_31445/ndgb_31446/202303/t20230321_2940951.html,,manual_web,True,科学技术支出 from Beijing municipal fiscal budget
Beijing,2023,rd_expenditure,498.7,100 million yuan,communique,2023 Beijing communique,https://tjj.beijing.gov.cn/tjsj_31433/tjgb_31445/ndgb_31446/202403/t20240321_3595860.html,,manual_web,True,科学技术支出 from Beijing municipal fiscal budget
Beijing,2024,rd_expenditure,551.4,100 million yuan,communique,2024 Beijing communique,https://tjj.beijing.gov.cn/tjsj_31433/tjgb_31445/ndgb_31446/202503/t20250319_4038820.html,,manual_web,True,科学技术支出 from Beijing municipal fiscal budget
Beijing,2025,rd_expenditure,590.2,100 million yuan,communique,2025 Beijing communique,https://tjj.beijing.gov.cn/tjsj_31433/tjgb_31445/ndgb_31446/202603/t20260325_4565494.html,,manual_web,True,科学技术支出 from Beijing municipal fiscal budget
Shanghai,2021,rd_expenditure,422.6,100 million yuan,communique,2021 Shanghai communique,https://tjj.sh.gov.cn/tjgb/20220314/e0dcefec098c47a8b345c996081b5c94.html,,manual_web,True,科学技术支出 from Shanghai municipal fiscal budget
Shanghai,2022,rd_expenditure,456.4,100 million yuan,communique,2022 Shanghai communique,https://tjj.sh.gov.cn/tjgb/20230317/6bb2cf0811ab41eb8ae397c8f8577e00.html,,manual_web,True,科学技术支出 from Shanghai municipal fiscal budget
Shanghai,2023,rd_expenditure,528.4,100 million yuan,communique,2023 Shanghai communique,https://tjj.sh.gov.cn/tjgb/20240321/f66c5b25ce604a1f9af755941d5f454a.html,,manual_web,True,科学技术支出 from Shanghai municipal fiscal budget
Shanghai,2025,rd_expenditure,702.3,100 million yuan,communique,2025 Shanghai communique,https://tjj.sh.gov.cn/tjgb/20260330/e0772941e8e041eaaad2df850b44ef98.html,,manual_web,True,科学技术支出 from Shanghai municipal fiscal budget
Shenzhen,2021,rd_expenditure,494.3,100 million yuan,communique,2021 Shenzhen communique,http://tjj.sz.gov.cn/gkmlpt/content/9/9763/post_9763042.html,,manual_web,True,科学技术支出 from Shenzhen municipal fiscal budget
Shenzhen,2022,rd_expenditure,554.6,100 million yuan,communique,2022 Shenzhen communique,http://tjj.sz.gov.cn/gkmlpt/content/10/10577/post_10577661.html,,manual_web,True,科学技术支出 from Shenzhen municipal fiscal budget
Shenzhen,2023,rd_expenditure,580.2,100 million yuan,communique,2023 Shenzhen communique,http://tjj.sz.gov.cn/gkmlpt/content/11/11264/post_11264245.html,,manual_web,True,科学技术支出 from Shenzhen municipal fiscal budget
Shenzhen,2024,rd_expenditure,590.0,100 million yuan,communique,2024 Shenzhen communique,http://tjj.sz.gov.cn/gkmlpt/content/12/12190/post_12190509.html,,manual_web,True,科学技术支出 from Shenzhen municipal fiscal budget
Shenzhen,2025,rd_expenditure,613.0,100 million yuan,communique,2025 Shenzhen communique,https://www.sz.gov.cn/cn/xxgk/zfxxgj/tjsj/tjgb/content/post_12805133.html,,manual_web,True,科学技术支出 from Shenzhen municipal fiscal budget
Guangzhou,2021,rd_expenditure,314.0,100 million yuan,communique,2021 Guangzhou communique,https://www.gz.gov.cn/zwgk/sjfb/tjgb/content/post_8156569.html,,manual_web,True,科学技术支出 from Guangzhou municipal fiscal budget
Guangzhou,2022,rd_expenditure,321.5,100 million yuan,communique,2022 Guangzhou communique,http://tjj.gz.gov.cn/stats_newtjyw/tjsj/tjgb/qstjgb/content/post_8972753.html,,manual_web,True,科学技术支出 from Guangzhou municipal fiscal budget
Guangzhou,2023,rd_expenditure,349.2,100 million yuan,communique,2023 Guangzhou communique,http://tjj.gz.gov.cn/stats_newtjyw/tjsj/tjgb/qstjgb/content/post_9567759.html,,manual_web,True,科学技术支出 from Guangzhou municipal fiscal budget
Guangzhou,2024,rd_expenditure,362.8,100 million yuan,communique,2024 Guangzhou communique,https://www.gz.gov.cn/zwgk/sjfb/tjgb/content/post_10203564.html,,manual_web,True,科学技术支出 from Guangzhou municipal fiscal budget
Guangzhou,2025,rd_expenditure,389.3,100 million yuan,communique,2025 Guangzhou communique,https://www.gz.gov.cn/zwgk/sjfb/tjgb/content/post_10800227.html,,manual_web,True,科学技术支出 from Guangzhou municipal fiscal budget
Hangzhou,2021,rd_expenditure,194.7,100 million yuan,communique,2021 Hangzhou communique,https://tjgb.hongheiku.com/djs/25516.html,,manual_web,True,"Hongheiku mirror of Hangzhou communique, 科学技术支出"
Hangzhou,2022,rd_expenditure,222.0,100 million yuan,communique,2022 Hangzhou communique,https://tjgb.hongheiku.com/djs/37237.html,,manual_web,True,"Hongheiku mirror of Hangzhou communique, 科学技术支出"
Hangzhou,2023,rd_expenditure,255.3,100 million yuan,communique,2023 Hangzhou communique,https://tjgb.hongheiku.com/djs/45617.html,,manual_web,True,"Hongheiku mirror of Hangzhou communique, 科学技术支出"
Wuhan,2021,rd_expenditure,190.32,100 million yuan,budget_report,Derived from 2022 Wuhan city-wide final accounts growth rate (-6.6%),http://czj.wuhan.gov.cn/czyjs/yjsbg/202309/t20230927_2272491.shtml,data/raw/wuhan_2022_quanshi_zhichu_juesuan.pdf,pyPDF_derived,True,"Derived: 2022全市决算1,777,569万/0.934≈1,903,179万≈190.32亿 (2022 决算 PDF 明示比上年-6.6%); 全市口径与2022-2024一致"
Wuhan,2022,rd_expenditure,177.76,100 million yuan,budget_report,2022 Wuhan city-wide budget expenditure final accounts (表二 全市一般公共预算支出决算表),http://czj.wuhan.gov.cn/czyjs/yjsbg/202309/t20230927_2272491.shtml,data/raw/wuhan_2022_quanshi_zhichu_juesuan.pdf,pyPDF,True,"全市科学技术支出决算数1,777,569万元=177.76亿元 (-6.6%)，表二直接提取"
Wuhan,2023,rd_expenditure,181.37,100 million yuan,budget_report,2023 Wuhan city-wide budget expenditure final accounts (表二 全市一般公共预算支出决算表),http://czj.wuhan.gov.cn/czyjs/yjsbg/202409/t20240912_2453697.shtml,data/raw/wuhan_2023_quanshi_zhichu_juesuan.pdf,pyPDF,True,"全市科学技术支出决算数1,813,716万元=181.37亿元 (+2.0%)，表二直接提取"
Wuhan,2024,rd_expenditure,200.38,100 million yuan,budget_report,2024 Wuhan city-wide budget expenditure final accounts (表二 全市一般公共预算支出决算表),http://czj.wuhan.gov.cn/czyjs/yjsbg/202509/t20250915_2647497.shtml,data/raw/wuhan_2024_quanshi_zhichu_juesuan.pdf,pyPDF,True,"全市科学技术支出决算数2,003,842万元=200.38亿元 (+10.5%)，表二直接提取"
Wuhan,2025,rd_expenditure,202.13,100 million yuan,budget_report,2025 Wuhan city-wide budget execution (表二 全市一般公共预算支出执行情况表),http://czj.wuhan.gov.cn/czyjs/yjsbg/202601/,data/raw/wuhan_2025_quanshi_zhichu_zhixing.pdf,pyPDF,True,"全市科学技术支出执行数2,021,294万元=202.13亿元 (执行数比上年决算+0.9%；剔除产业基金后同口径+15.8%)，表二直接提取"
Chengdu,2021,rd_expenditure,237.5,100 million yuan,communique,2021 Chengdu communique,http://sc.people.com.cn/BIG5/n2/2022/0325/c379471-35191138.html,,manual_web,True,科学技术支出 from Chengdu communique via People Daily
Chengdu,2022,rd_expenditure,250.2,100 million yuan,communique,2022 Chengdu communique,https://tjgb.hongheiku.com/djs/35562.html,,manual_web,True,"Hongheiku mirror of Chengdu communique, 科学技术支出"
Chengdu,2023,rd_expenditure,268.6,100 million yuan,communique,2023 Chengdu communique,https://tjgb.hongheiku.com/djs/46512.html,,manual_web,True,"Hongheiku mirror of Chengdu communique, 科学技术支出"
Nanjing,2021,rd_expenditure,108.6,100 million yuan,communique,2021 Nanjing communique,https://tjj.nanjing.gov.cn/tjxx/202204/t20220420_3347012.html,,manual_web,True,科学技术支出 from Nanjing municipal fiscal budget
Nanjing,2023,rd_expenditure,132.5,100 million yuan,communique,2023 Nanjing communique,https://tjgb.hongheiku.com/djs/46614.html,,manual_web,True,"Hongheiku mirror of Nanjing communique, 科学技术支出"
Nanjing,2024,rd_expenditure,145.3,100 million yuan,communique,2024 Nanjing communique,https://tjgb.hongheiku.com/djs/57850.html,,manual_web,True,"Hongheiku mirror of Nanjing communique, 科学技术支出"
Nanjing,2025,rd_expenditure,160.0,100 million yuan,communique,2025 Nanjing communique,https://tjgb.hongheiku.com/xjtjgb/xj2020/73718.html,,manual_web,True,"Hongheiku mirror of Nanjing communique, 科学技术支出"
Chongqing,2021,rd_expenditure,92.6,100 million yuan,communique,2021 Chongqing communique,http://tjj.cq.gov.cn/zwgk_233/fdzdgknr/tjxx/sjzl_55471/tjgb_55472/202203/t20220318_10522726_wap.html,,manual_web,True,科学技术支出 from Chongqing municipal fiscal budget
Chongqing,2022,rd_expenditure,100.5,100 million yuan,communique,2022 Chongqing communique,http://tjj.cq.gov.cn/zwgk_233/fdzdgknr/tjxx/sjzl_55471/tjgb_55472/202303/t20230317_11775723_wap.html,,manual_web,True,科学技术支出 from Chongqing municipal fiscal budget
Chongqing,2023,rd_expenditure,109.6,100 million yuan,communique,2023 Chongqing communique,http://tjj.cq.gov.cn/zwgk_233/fdzdgknr/tjxx/sjzl_55471/tjgb_55472/202403/t20240326_13084652_wap.html,,manual_web,True,科学技术支出 from Chongqing municipal fiscal budget
Chongqing,2024,rd_expenditure,120.3,100 million yuan,communique,2024 Chongqing communique,http://tjj.cq.gov.cn/zwgk_233/fdzdgknr/tjxx/sjzl_55471/tjgb_55472/202503/t20250326_14443791_wap.html,,manual_web,True,科学技术支出 from Chongqing municipal fiscal budget
Chongqing,2025,rd_expenditure,132.8,100 million yuan,communique,2025 Chongqing communique,http://tjj.cq.gov.cn/zwgk_233/fdzdgknr/tjxx/sjzl_55471/tjgb_55472/202603/t20260326_15568538_wap.html,,manual_web,True,科学技术支出 from Chongqing municipal fiscal budget
Suzhou,2021,rd_expenditure,153.8,100 million yuan,communique,2021 Suzhou communique,http://tjj.suzhou.gov.cn/sztjj/tjgb/202204/7fdf5b27bbcc41d2aea634e7c3a9e19e.shtml,,manual_web,True,科学技术支出 from Suzhou municipal fiscal budget
Suzhou,2022,rd_expenditure,167.2,100 million yuan,communique,2022 Suzhou communique,http://tjj.suzhou.gov.cn/sztjj/tjgb/202303/833db17f2d15479791c1e3077579bb74.shtml,,manual_web,True,科学技术支出 from Suzhou municipal fiscal budget
Suzhou,2023,rd_expenditure,182.5,100 million yuan,communique,2023 Suzhou communique,http://tjj.suzhou.gov.cn/sztjj/tjgb/202403/44c648294e5e4275aa371908e6b199bc.shtml,,manual_web,True,科学技术支出 from Suzhou municipal fiscal budget
Suzhou,2024,rd_expenditure,198.3,100 million yuan,communique,2024 Suzhou communique,http://tjj.suzhou.gov.cn/sztjj/tjgb/202504/c77512c90a144784beba4870a6b5cc0d.shtml,,manual_web,True,科学技术支出 from Suzhou municipal fiscal budget
Suzhou,2025,rd_expenditure,215.0,100 million yuan,communique,2025 Suzhou communique,http://tjj.suzhou.gov.cn/sztjj/tjgb/202604/3dc4b574cabd4e86b36ec5d3280e927c.shtml,,manual_web,True,科学技术支出 from Suzhou municipal fiscal budget
Qingdao,2021,rd_expenditure,52.6,100 million yuan,communique,2021 Qingdao communique,https://people.stitye.com/p4/sentu/city_pdf_2022/a178-2021.pdf,,manual_web,True,科学技术支出 from Qingdao communique PDF mirror
Qingdao,2022,rd_expenditure,56.8,100 million yuan,communique,2022 Qingdao communique,http://www.qingdao.gov.cn/zwgk/xxgk/fgw/ywfl/jjfz/202304/t20230420_7153787.shtml,,manual_web,True,科学技术支出 from Qingdao municipal fiscal budget
Qingdao,2023,rd_expenditure,60.5,100 million yuan,communique,2023 Qingdao communique,https://tjgb.hongheiku.com/djs/48448.html,,manual_web,True,"Hongheiku mirror of Qingdao communique, 科学技术支出"
Qingdao,2024,rd_expenditure,64.3,100 million yuan,communique,2024 Qingdao communique,https://tjgb.hongheiku.com/djs/58586.html,,manual_web,True,"Hongheiku mirror of Qingdao communique, 科学技术支出"
Qingdao,2025,rd_expenditure,70.2,100 million yuan,communique,2025 Qingdao communique,https://epaper.qingdaonews.com/qdrb/h5/html5/2026-04/08/content_144596_3316066.htm?curr=,,manual_web,True,科学技术支出 from Qingdao communique via Qingdao Daily
Xi'an,2021,rd_expenditure,58.3,100 million yuan,communique,2021 Xi'an communique,https://www.shaanxi.gov.cn/zfxxgk/fdzdgknr/tjxx/tjgb_240/sqgb/202204/t20220408_2216664_wap.html,,manual_web,True,科学技术支出 from Xi'an municipal fiscal budget
Xi'an,2022,rd_expenditure,63.9,100 million yuan,communique,2022 Xi'an communique,https://tjgb.hongheiku.com/djs/35633.html,,manual_web,True,"Hongheiku mirror of Xi'an communique, 科学技术支出"
Xi'an,2023,rd_expenditure,70.1,100 million yuan,communique,2023 Xi'an communique,https://tjgb.hongheiku.com/djs/46518.html,,manual_web,True,"Hongheiku mirror of Xi'an communique, 科学技术支出"
Xi'an,2024,rd_expenditure,76.5,100 million yuan,communique,2024 Xi'an communique,https://qidian.sxtvs.com/timing/share/content/10583025,,manual_web,True,科学技术支出 from Xi'an communique via media report
Xi'an,2025,rd_expenditure,84.0,100 million yuan,communique,2025 Xi'an communique,https://sn.ifeng.com/c/8t9fi50G7Cv,,manual_web,True,科学技术支出 from Xi'an communique via media report
Changsha,2021,rd_expenditure,98.5,100 million yuan,communique,2021 Changsha communique,https://tjgb.hongheiku.com/djs/25200.html,,manual_web,True,"Hongheiku mirror of Changsha communique, 科学技术支出"
Changsha,2022,rd_expenditure,105.2,100 million yuan,communique,2022 Changsha communique,http://tjj.hunan.gov.cn/hntj/tjfx/tjgb/szgb/zss_1/202304/t20230406_29306832.html,,manual_web,True,科学技术支出 from Changsha municipal fiscal budget
Changsha,2023,rd_expenditure,112.8,100 million yuan,communique,2023 Changsha communique,http://tjj.hunan.gov.cn/hntj/tjfx/tjgb/szgb/zss_1/202405/t20240506_33292952.html,,manual_web,True,科学技术支出 from Changsha municipal fiscal budget
Changsha,2024,rd_expenditure,120.6,100 million yuan,communique,2024 Changsha communique,https://tjgb.hongheiku.com/djs/58642.html,,manual_web,True,"Hongheiku mirror of Changsha communique, 科学技术支出"
Changsha,2025,rd_expenditure,132.0,100 million yuan,communique,2025 Changsha communique,https://tjgb.hongheiku.com/djs/69005.html,,manual_web,True,"Hongheiku mirror of Changsha communique, 科学技术支出"
Hefei,2021,rd_expenditure,68.2,100 million yuan,communique,2021 Hefei communique,https://tjgb.hongheiku.com/djs/25210.html,,manual_web,True,"Hongheiku mirror of Hefei communique, 科学技术支出"
Hefei,2022,rd_expenditure,78.5,100 million yuan,communique,2022 Hefei communique,https://api.app.anhuinews.com/content/6770230.html,,manual_web,True,科学技术支出 from Hefei communique via Anhui News
Hefei,2023,rd_expenditure,85.3,100 million yuan,communique,2023 Hefei communique,https://finance.sina.com.cn/wm/2024-03-30/doc-inaqawtn1265579.shtml,,manual_web,True,科学技术支出 from Hefei communique via Sina
Suzhou,2021,housing_sales_area,2275.4,10000 sqm,communique,2021 Suzhou communique,https://www.suzhou.gov.cn/szsrmzf/ndgmjjhshfztjsjfb/202204/7d72d24137454f0d91b0a61e427ed4a2.shtml,,manual_web,True,商品房销售面积 from official Suzhou communique
Suzhou,2023,housing_sales_area,1704.1,10000 sqm,communique,2023 Suzhou communique PDF,https://tjj.suzhou.gov.cn/sztjj/tjnj/2024/2024/zk/html/gb.pdf,,manual_web,True,商品房销售面积 from official PDF yearbook excerpt
Suzhou,2021,house_price,22010.0,yuan/sqm,third_party_index,China Index Academy 100-city new home price index (Suzhou annual mean),https://fangjia.gotohui.com/fjdata-81,,manual_web,False,中指百城新建住宅指数年度均值; non-official but widely cited in academic/industry research
Suzhou,2022,house_price,24200.0,yuan/sqm,third_party_index,China Index Academy 100-city new home price index (Suzhou annual mean),https://fangjia.gotohui.com/fjdata-81,,manual_web,False,中指百城新建住宅指数年度均值
Suzhou,2023,house_price,21500.0,yuan/sqm,third_party_index,China Index Academy 100-city new home price index (Suzhou annual mean),https://fangjia.gotohui.com/fjdata-81,,manual_web,False,中指百城新建住宅指数年度均值
Suzhou,2024,house_price,19500.0,yuan/sqm,third_party_index,China Index Academy 100-city new home price index (Suzhou annual mean),https://fangjia.gotohui.com/fjdata-81,,manual_web,False,中指百城 Dec 2024 报告苏州新房均价18969; 全年均值~19500
Suzhou,2025,house_price,22900.0,yuan/sqm,third_party_index,China Index Academy 100-city new home price index (Suzhou annual mean),https://fangjia.gotohui.com/fjdata-81,,manual_web,False,gotohui 2025月均~22900
Harbin,2024,rd_expenditure,19.08,100 million yuan,budget_report,2024 Harbin city-level final accounts,https://www.harbin.gov.cn/haerbin/c104524/202509/1076387/files/%E5%85%B3%E4%BA%8E2024%E5%B9%B4%E5%B8%82%E6%9C%AC%E7%BA%A7%E5%86%B3%E7%AE%97%E8%8D%89%E6%A1%88%E5%92%8C2025%E5%B9%B4%E4%B8%8A%E5%8D%8A%E5%B9%B4%E9%A2%84%E7%AE%97%E6%89%A7%E8%A1%8C%E6%83%85%E5%86%B5%E7%9A%84%E6%8A%A5%E5%91%8A.pdf,,manual_web,True,"科学技术支出决算数 190,792万元=19.08亿元 from official Harbin government PDF"
Harbin,2025,rd_expenditure,13.73,100 million yuan,budget_report,2025 Harbin city-wide budget execution (表3 全市一般公共预算支出完成情况表),http://www.harbin.gov.cn/haerbin/c104524/202602/c01_1108247.shtml,data/raw/harbin_2025_quanshi_zhixing_fubiao.pdf,pyPDF,True,"全市科学技术支出实际完成137,295万元=13.73亿元(-28.0%)，表3直接提取"
Kunming,2024,rd_expenditure,5.0,100 million yuan,province_st_bulletin,2024 Yunnan provincial S&T statistical bulletin,https://kjt.yn.gov.cn/html/2025/kejitongji_1110/3011837.html,,manual_web,True,昆明市财政科学技术支出50000万元=5.00亿元 from Yunnan provincial bulletin
Harbin,2023,rd_expenditure,11.59,100 million yuan,budget_report,Derived from 2024 Harbin city final accounts growth rate (64.6%),https://www.harbin.gov.cn/haerbin/c104524/202509/1076387/files/%E5%85%B3%E4%BA%8E2024%E5%B9%B4%E5%B8%82%E6%9C%AC%E7%BA%A7%E5%86%B3%E7%AE%97%E8%8D%89%E6%A1%88%E5%92%8C2025%E5%B9%B4%E4%B8%8A%E5%8D%8A%E5%B9%B4%E9%A2%84%E7%AE%97%E6%89%A7%E8%A1%8C%E6%83%85%E5%86%B5%E7%9A%84%E6%8A%A5%E5%91%8A.pdf,,pyPDF_derived,True,Derived: 2023全市=190792万元(2024决算)/1.646(增长率)≈115903万元≈11.59亿元
Nanchang,2024,rd_expenditure,39.13,100 million yuan,province_st_bulletin,2024 Jiangxi provincial S&T statistical bulletin,https://tjj.jiangxi.gov.cn/jxstjj/col/col38773/content/content_1980084826070781952.html,,manual_web,True,南昌市一般公共预算科学技术支出39.13亿元 from 2024年全省科技经费投入统计公报
Nanchang,2023,rd_expenditure,37.19,100 million yuan,province_st_bulletin,Derived from 2024 growth rate 5.21%,https://tjj.jiangxi.gov.cn/jxstjj/col/col38773/content/content_1980084826070781952.html,,manual_web,True,Derived: 39.13/1.0521 ≈ 37.19亿元
Hangzhou,2024,rd_expenditure,267.8,100 million yuan,budget_report,2024 Hangzhou budget execution report (全市科学技术支出),https://zjjcmspublic.oss-cn-hangzhou-zwynet-d01-a.internet.cloud.zj.gov.cn/jcms_files/jcms1/web149/site/attach/0/22d597e448ef42f3912db9c80b730f3c.pdf,,manual_web,True,全市一般公共预算科学技术支出267.8亿元 from Hangzhou 2024 budget report
Shanghai,2024,rd_expenditure,635.5,100 million yuan,budget_report,2024 Shanghai budget execution report,https://www.shanghai.gov.cn/nw12338/20250507/1b91aa1dab60430bad974ff87092f75a.html,,manual_web,True,全市财政科学技术支出635.5亿元 from Shanghai 2024 budget execution
Kunming,2023,rd_expenditure,8.84,100 million yuan,province_st_bulletin,2023 Yunnan provincial S&T statistical bulletin,https://kjt.yn.gov.cn/uploadfile/s49/2024/1114/20241114050259893.pdf,,manual_web,True,昆明市财政科学技术支出88437万元=8.84亿元 from official PDF
Nanchang,2022,rd_expenditure,39.5,100 million yuan,province_st_bulletin,2022年江西省科技经费投入统计公报附表2,https://tjj.jiangxi.gov.cn/jxstjj/col/col38773/content/content_1869739946880983040.html,data/raw/jiangxi_2022_keji_gongbao.html,manual_web,True,"南昌市一般公共预算科学技术支出39.50亿元(-13.8%,占比4.2%) 表内直接提取; 与2023(37.20,-5.85%)反推自洽"
Harbin,2021,rd_expenditure,9.75,100 million yuan,budget_report,2021 Harbin city final accounts (表3 全市一般公共预算支出决算表),https://www.harbin.gov.cn/haerbin/c104524/202209/80157/files/3e3f9662936347e29f234c665a32bedd.pdf,data/raw/harbin_2021_juesuan_report.pdf,pyPDF,True,"全市科学技术支出决算97,527万元=9.75亿元(预算105,823万,完成92.2%,增长-23.2%) 表3直接提取"
Harbin,2022,rd_expenditure,10.4,100 million yuan,budget_report,Derived from 2023 Harbin city final accounts growth rate (+11.5%),https://www.harbin.gov.cn/haerbin/c104524/202409/1011120/files/%E5%85%B3%E4%BA%8E2023%E5%B9%B4%E5%B8%82%E6%9C%AC%E7%BA%A7%E5%86%B3%E7%AE%97%E8%8D%89%E6%A1%88%E5%92%8C2024%E5%B9%B4%E4%B8%8A%E5%8D%8A%E5%B9%B4%E9%A2%84%E7%AE%97%E6%89%A7%E8%A1%8C%E6%83%85%E5%86%B5%E7%9A%84%E6%8A%A5%E5%91%8A.pdf,,pyPDF_derived,True,"Derived: 2023全市11.59亿/1.115≈10.40亿元 (2022决算报告为扫描件,表格无文字层)"
Kunming,2021,rd_expenditure,10.62,100 million yuan,province_st_bulletin,2021年云南省科技统计公报 表3,https://kjt.yn.gov.cn/uploadfile/s49/2022/1014/20221014035519506.pdf,data/raw/external/我自己下载的/20221014035519506.pdf,pyPDF_ocr,True,"昆明市财政科学技术支出106,211万元=10.62亿元 表3(OCR提取)"
Kunming,2022,rd_expenditure,14.88,100 million yuan,province_st_bulletin,2022年云南省科技统计公报 表3,https://kjt.yn.gov.cn/html/2023/kejitongji_1025/8091.html,,manual_web,True,"昆明市财政科学技术支出148,816万元=14.88亿元 表3直接提取"
Nanchang,2021,rd_expenditure,45.85,100 million yuan,province_st_bulletin,2021年江西省科技经费投入统计公报 附表2,http://218.64.59.101/info/1134/2522.htm,,manual_web,True,南昌市一般公共预算科学技术支出45.85亿元 附表2(镜像docx附件)
Chengdu,2024,rd_expenditure,129.24,100 million yuan,budget_estimate,2024 Chengdu city-wide general public budget expenditure plan (全市一般公共预算支出预算表),https://cdcz.chengdu.gov.cn/cdsczj/c116719/2024-02/07/8d3b9613f00746b8a8561ae81274e301/files/f4f59eb104eb457eb637bda7d058a66d.pdf,,manual_pdf,True,"全市科学技术支出预算数1,292,394万元=129.24亿元 (地方财力1,191,067+上级转移84,942+上年结转16,385)，预算数为预算基数103.3%。注：此为预算数非决算数，2025年9-10月全市决算PDF发布后应替换。"
Hangzhou,2025,rd_expenditure,312.0,100 million yuan,communique,2025 Hangzhou statistical communique (财政科技支出),https://hznews.hangzhou.com.cn/chengshi/content/2026-04/30/content_9214808.htm,,manual_web,True,全市财政一般公共预算支出中科技支出312亿元，比上年增长16.3%。2025年杭州公报明确语句，窄口径
Hefei,2024,rd_expenditure,95.0,100 million yuan,derived_estimate,"Derived from 2021-2023 narrow caliber trend (2021=68.2, 2022=78.5, 2023=85.3, extrapolated ~11% growth)",https://news.cri.cn/2025-03-10/e36f5144-97d0-39e9-cd31-1bd63f59b192.html,,manual_web,False,估算值：根据2021-2023窄口径数列（hongheiku镜像/媒体源）趋势外推，2021→2022增15.1%，2022→2023增8.7%，2024外推~11%→约95亿。原始报道246.7为宽口径（含产业基金/股权投入，占一般公共预算支出15.5%），该口径与其他城市窄口径不可直接比较，故用趋势外推值替代。等合肥市决算PDF窄口径数据后应替换。
Beijing,2025,gdp_per_capita,239000.0,yuan/person,communique,2025 Beijing statistical communique,https://www.jiemian.com/article/14159781.html,,manual_web,True,按常住人口计算，全市人均地区生产总值为23.9万元
Beijing,2025,disposable_income,89090.0,yuan/person,communique,2025 Beijing statistical communique,https://www.zhonghongwang.com/show-257-456536-1.html,,manual_web,True,全市居民人均可支配收入89090元
Beijing,2025,population,21800000.0,person,communique,2025 Beijing statistical communique,https://www.jiemian.com/article/14159781.html,,manual_web,True,年末全市常住人口2180.0万人
Shanghai,2025,disposable_income,91987.0,yuan/person,communique,2025 Shanghai statistical communique,https://tjj.sh.gov.cn/tjgb/20260330/e0772941e8e041eaaad2df850b44ef98.html,,manual_web,True,全市居民人均可支配收入91987元
Shanghai,2025,population,24854100.0,person,communique,2025 Shanghai statistical communique,https://tjj.sh.gov.cn/tjgb/20260330/e0772941e8e041eaaad2df850b44ef98.html,,manual_web,True,年末全市常住人口为2485.41万人
Shanghai,2025,gdp_total,56708.71,100 million yuan,communique,2025 Shanghai statistical communique,https://tjj.sh.gov.cn/tjgb/20260330/e0772941e8e041eaaad2df850b44ef98.html,,manual_web,True,全年实现地区生产总值56708.71亿元
Shenzhen,2025,gdp_per_capita,213763.0,yuan/person,communique,2025 Shenzhen statistical communique,https://xinwen.bjd.com.cn/content/s6a14e4c9e4b03fa51a7ed112.html,,manual_web,False,全年人均地区生产总值213763元
Shenzhen,2025,disposable_income,84945.0,yuan/person,communique,2025 Shenzhen statistical communique,https://tjgb.hongheiku.com/xjtjgb/xj2020/72654.html,,manual_web,False,全市居民人均可支配收入84945元
Shenzhen,2025,population,18248500.0,person,communique,2025 Shenzhen statistical communique,https://xinwen.bjd.com.cn/content/s6a14e4c9e4b03fa51a7ed112.html,,manual_web,False,年末常住人口1824.85万人
Guangzhou,2025,gdp_per_capita,168279.0,yuan/person,communique,2025 Guangzhou statistical communique,https://www.guandian.cn/m/show/560128,,manual_web,False,人均地区生产总值168279元
Guangzhou,2025,disposable_income,80591.0,yuan/person,communique,2025 Guangzhou statistical communique,https://m12333.cn/qa/ssyyc.html,,manual_web,False,广州居民人均可支配收入80591元
Guangzhou,2025,population,19101000.0,person,communique,2025 Guangzhou statistical communique,https://www.guandian.cn/m/show/560128,,manual_web,False,年末广州常住人口1910.10万人
Nanjing,2025,gdp_per_capita,202220.0,yuan/person,communique,2025 Nanjing statistical communique,https://tjgb.hongheiku.com/xjtjgb/xj2020/73718.html,,manual_web,False,全年人均地区生产总值202220元
Nanjing,2025,disposable_income,78243.0,yuan/person,communique,2025 Nanjing statistical communique,https://tjgb.hongheiku.com/xjtjgb/xj2020/73718.html,,manual_web,False,全市居民人均可支配收入78243元
Suzhou,2025,disposable_income,80796.0,yuan/person,communique,2025 Suzhou statistical communique,https://tjgb.hongheiku.com/djs/69636.html,,manual_web,False,全体居民人均可支配收入80796元
Suzhou,2025,population,13047700.0,person,communique,2025 Suzhou statistical communique,https://tjgb.hongheiku.com/djs/69636.html,,manual_web,False,年末常住人口1304.77万人
Chengdu,2025,gdp_per_capita,115155.0,yuan/person,communique,2025 Chengdu statistical communique,https://finance.sina.cn/2026-04-15/detail-inhupeis3814625.d.html,,manual_web,False,按常住人口计算人均地区生产总值115155元
Chengdu,2025,disposable_income,54363.0,yuan/person,communique,2025 Chengdu statistical communique,https://tjgb.hongheiku.com/djs/68696.html,,manual_web,False,全体居民人均可支配收入54363元
Chengdu,2025,population,21535000.0,person,communique,2025 Chengdu statistical communique,https://finance.sina.cn/2026-04-15/detail-inhupeis3814625.d.html,,manual_web,False,年末常住人口2153.5万人
Wuhan,2025,disposable_income,62530.0,yuan/person,communique,2025 Wuhan statistical communique,https://tjj.wuhan.gov.cn/tjfw/tjgb/202604/t20260408_2750693.shtml,,manual_web,True,全市居民人均可支配收入62530元
Wuhan,2025,population,13861900.0,person,communique,2025 Wuhan statistical communique,https://tjj.wuhan.gov.cn/tjfw/tjgb/202604/t20260408_2750693.shtml,,manual_web,True,年末全市常住人口1386.19万人
Qingdao,2025,disposable_income,62738.0,yuan/person,communique,2025 Qingdao economic operation release,http://www.qingdao.gov.cn/ywdt/zwyw/202601/t20260128_10492421.shtml,,manual_web,True,居民人均可支配收入62738元
Qingdao,2025,population,10515500.0,person,communique,2025 Qingdao statistical communique,https://tjgb.hongheiku.com/xjtjgb/xj2020/68442.html,,manual_web,False,年末常住人口1051.55万人 (from communique)
Changsha,2025,disposable_income,72117.0,yuan/person,communique,2025 Changsha statistical communique,https://tjj.hunan.gov.cn/hntj/tjfx/tjgb/szgb/zss_1/202605/t20260512_33975356.html,,manual_web,True,城镇居民人均可支配收入72117元 (all-resident not available from communique; using urban)
Changsha,2025,population,10721400.0,person,communique,2025 Changsha statistical communique,https://tjj.hunan.gov.cn/hntj/tjfx/tjgb/szgb/zss_1/202605/t20260512_33975356.html,,manual_web,True,年末全市常住总人口1072.14万人
Zhengzhou,2025,disposable_income,48021.0,yuan/person,communique,2025 Zhengzhou statistical communique,https://tjgb.hongheiku.com/djs/69360.html,,manual_web,False,全市居民人均可支配收入48021元
Zhengzhou,2025,population,13138000.0,person,communique,2025 Zhengzhou statistical communique,https://tjgb.hongheiku.com/djs/69360.html,,manual_web,False,年末全市常住人口1313.8万人
Hangzhou,2025,gdp_per_capita,181732.0,yuan/person,communique,2025 Hangzhou statistical communique,https://finance.sina.com.cn/wm/2026-04-30/doc-inhwftwn6277500.shtml,,manual_web,False,全市人均地区生产总值181732元
Hangzhou,2025,population,12700000.0,person,communique,2025 Hangzhou statistical communique,https://finance.sina.com.cn/wm/2026-04-30/doc-inhwftwn6277500.shtml,,manual_web,False,年末常住人口1270.0万人
Chongqing,2025,gdp_per_capita,105874.0,yuan/person,communique,2025 Chongqing statistical communique,https://www.cq.gov.cn/zwgk/zfxxgkzl/fdzdgknr/tjxx/tjgb/202603/t20260326_15568523.html,,manual_web,True,全年人均地区生产总值达到105874元
Chongqing,2025,disposable_income,41580.0,yuan/person,communique,2025 Chongqing statistical communique,https://www.cq.gov.cn/zwgk/zfxxgkzl/fdzdgknr/tjxx/tjgb/202603/t20260326_15568523.html,,manual_web,True,全市居民人均可支配收入41580元
Chongqing,2025,population,31872600.0,person,communique,2025 Chongqing statistical communique,https://www.cq.gov.cn/zwgk/zfxxgkzl/fdzdgknr/tjxx/tjgb/202603/t20260326_15568523.html,,manual_web,True,年末全市常住人口3187.26万人
Xiamen,2025,disposable_income,77762.0,yuan/person,communique,2025 Xiamen statistical communique,https://www.sohu.com/a/1009829248_121106994,,manual_web,False,全年居民人均可支配收入77762元
Kunming,2025,gdp_per_capita,98855.0,yuan/person,communique,2025 Kunming statistical communique,https://www.kunming.cn/news/c/2026-05-22/14043565.shtml,,manual_web,True,全市人均地区生产总值98855元
Kunming,2025,disposable_income,48754.0,yuan/person,communique,2025 Kunming statistical communique,https://www.kunming.cn/news/c/2026-05-22/14043565.shtml,,manual_web,True,全年居民人均可支配收入48754元 (all-resident; updates earlier 50300 value derived from urban)
Kunming,2025,population,8744000.0,person,communique,2025 Kunming statistical communique,https://www.kunming.cn/news/c/2026-05-22/14043565.shtml,,manual_web,True,年末全市常住人口874.4万人
Harbin,2025,disposable_income,50065.0,yuan/person,nbs_survey,Harbin all-resident disposable income 2025,https://tjj.hlj.gov.cn/tjj/c106779/202603/c00_31925539.shtml,,manual_web,True,Harbin 2025 all-resident disposable income 50065元 (from Heilongjiang provincial communique; city-level derived)
Shenyang,2025,disposable_income,58297.0,yuan/person,communique,2025 Shenyang statistical communique,https://tjgb.hongheiku.com/xjtjgb/xj2020/72374.html,,manual_web,False,城镇居民人均可支配收入58297元 (urban) from Shenyang statistical communique
Shenyang,2025,population,9276000.0,person,communique,2025 Shenyang statistical communique,https://tjgb.hongheiku.com/xjtjgb/xj2020/72374.html,,manual_web,False,年末常住人口927.6万人
Xi'an,2023,population,12960000.0,person,communique,2023 Xi'an statistical communique (interpolated),https://m.cnwest.com/sxxw/a/2024/04/08/22493876.html,,manual_web,False,常住人口约1296万（interpolated between 2022=12995900 and 2024=13167600，communique fetch 错误获取了445万数据）
Xi'an,2023,disposable_income,42818.0,yuan/person,communique,2023 Xi'an statistical communique,https://m.cnwest.com/sxxw/a/2024/04/08/22493876.html,,manual_web,False,全年全体居民人均可支配收入42818元（communique fetch 错误获取了27047）
Harbin,2023,gdp_total,5576.3,100 million yuan,communique,2023 Harbin statistical communique,http://www.tjcn.org/tjgb/08hlj/38001.html,,manual_web,False,全年实现地区生产总值5576.3亿元（communique fetch 错误获取了15760.34亿）
Harbin,2023,population,9776000.0,person,yearbook,Heilongjiang Statistical Yearbook 2024 usual residence population,https://www.hongheiku.com/lishishuju/20340.html,,manual_web,False,Hongheiku cites Heilongjiang Statistical Yearbook 2024: Harbin 2023 usual residence = 977.6万
Kunming,2025,rd_expenditure,4.4,100 million yuan,budget_report,2025 Kunming budget execution report,https://czj.km.gov.cn/c/2026-02-14/5058517.shtml,,manual_web,True,全市科学技术投入4.4亿元; 来源:昆明市2025年预算执行情况报告
Harbin,2021,gdp_total,5351.7,100 million yuan,communique,2021 Harbin statistical communique,https://zh.wikipedia.org/zh-hans/%E5%93%88%E5%B0%94%E6%BB%A8%E5%B8%82,,manual_web,True,"修正值; 原面板gdp_total=1215.0有误(gdp_per_capita=56580×pop=988.5万推算应为5593亿), Wikipedia引用公报值GDP=5351.7亿"
Xi'an,2022,gdp_total,11486.51,100 million yuan,communique,2022 Xi'an statistical communique,https://baike.baidu.com/item/%E8%A5%BF%E5%AE%89%E5%B8%822022%E5%B9%B4%E5%9B%BD%E6%B0%91%E7%BB%8F%E6%B5%8E%E5%92%8C%E7%A4%BE%E4%BC%9A%E5%8F%91%E5%B1%95%E7%BB%9F%E8%AE%A1%E5%85%AC%E6%8A%A5/62828803,,manual_web,True,"补全缺失数据; 公报值GDP=11486.51亿, 人均GDP=88806元"
Xi'an,2023,gdp_total,12010.76,100 million yuan,communique,2023 Xi'an statistical communique,http://sn.people.com.cn/n2/2024/0408/c226647-40802863.html,,manual_web,True,"修正值; 原面板gdp_total=1990.5有误, 公报值GDP=12010.76亿"
Xi'an,2023,gdp_per_capita,92128.0,yuan/person,communique,2023 Xi'an statistical communique,http://sn.people.com.cn/n2/2024/0408/c226647-40802863.html,,manual_web,True,"修正值; 原面板gdp_per_capita=53056有误, 公报值人均GDP=92128元"
Xi'an,2023,population,13078200.0,person,communique,2023 Xi'an statistical communique,http://sn.people.com.cn/n2/2024/0408/c226647-40802863.html,,manual_web,True,修正值; 公报:1307.82万人
Chengdu,2025,rd_expenditure,135.0,100 million yuan,budget_estimate,Estimated from 2024 baseline × total expenditure growth rate,,,manual_web,False,估算值; 基于2024年129.24亿×全市一般公共预算支出增长率2.7%推算; 待决算PDF发布后替换
Hefei,2025,rd_expenditure,105.0,100 million yuan,budget_estimate,Estimated from 2024 baseline and Hefei S&T spending trend,,,manual_web,False,估算值; 基于2024年95.0亿推算; 合肥科技支出占比长三角最高(21.8%); 待决算PDF发布后替换
Nanchang,2025,rd_expenditure,40.0,100 million yuan,budget_estimate,Estimated from 2021-2024 trend (37-46 range),,,manual_web,False,估算值; 基于2021-2024年波动区间(37.19-45.85)取中值; 待南昌市2025年统计公报发布后替换
Harbin,2024,population,9858000.0,person,yearbook,2024 Harbin statistical communique + Heilongjiang Statistical Yearbook 2025 usual residence population,https://www.hongheiku.com/shijirenkou/2394.html,,manual_web,True,Hongheiku cites 2024 communique + Heilongjiang Statistical Yearbook 2025: Harbin 2024 year-end usual residence = 985.8万 (registered was 933万)
Chengdu,2022,science_technology_expenditure,151.8,100 million yuan,final_accounts,2022 Chengdu fiscal revenue and expenditure summary table,https://cdcz.chengdu.gov.cn/cdsczj/c116723/2024-05/17/f4badf21f1084342919632b82ee50ab6/files/6153308eb09c4622b2edec86f5981e95.pdf,,manual_pdf,True,Chengdu city-wide general public budget expenditure: science & technology expenditure 151.8亿元 (2022 final accounts)
Chengdu,2023,science_technology_expenditure,150.9,100 million yuan,final_accounts,2023 Chengdu fiscal revenue and expenditure summary table,https://cdcz.chengdu.gov.cn/cdsczj/c116723/2024-05/17/3299c25a676541a88e9a3e4767f6a784/files/beba9dea77144639bf53c4557f184230.pdf,,manual_pdf,True,Chengdu city-wide general public budget expenditure: science & technology expenditure 150.9亿元 (2023 final accounts)
Chengdu,2024,science_technology_expenditure,129.24,100 million yuan,budget_estimate,2024 Chengdu city-wide general public budget expenditure plan,https://cdcz.chengdu.gov.cn/cdsczj/c116719/2024-02/07/8d3b9613f00746b8a8561ae81274e301/files/f4f59eb104eb457eb637bda7d058a66d.pdf,,manual_pdf,True,Chengdu city-wide general public budget expenditure: science & technology expenditure budget 129.24亿元 (2024 budget; replace with final accounts when available)
